SYMBOL	ENTREZID
MYOT	9499
TET3	200424
KDM5C	8242
CAMK2G	818
SLC30A9	10463
STAG2	10735
POU3F3	5455
DSE	29940
PAX7	5081
XYLT2	64132
CHRNE	1145
GFPT1	2673
CHRNA7	1139
DNM1L	10059
CHRNA1	1134
SETD5	55209
GLDC	2731
DIAPH1	1729
GAMT	2593
CHAMP1	283489
RPGRIP1L	23322
NPHP1	4867
TMEM237	65062
ATP1A2	477
AHDC1	27245
EXTL3	2137
AFG2A	166378
MEGF10	84466
AHI1	54806
INPP5E	56623
CEP120	153241
MKS1	54903
CEP41	95681
ERCC8	1161
GNPTAB	79158
YRDC	79693
TSHR	7253
TSHB	7252
CUBN	8029
AMN	81693
TRMU	55687
HNRNPK	3190
RIN2	54453
AFG2B	79029
FGFR3	2261
VLDLR	7436
TOMM7	54543
UQCRFS1	7386
SCO2	9997
UQCC3	790955
NDST1	3340
SMARCD1	6602
NEFL	4747
PMM2	5373
B4GALT7	11285
CLCNKA	1187
CLCNKB	1188
NGLY1	55768
PPM1D	8493
TRMT1	55621
PRKG2	5593
UBE4A	9354
CWF19L1	55280
MAP2K1	5604
FUCA1	2517
FBP1	2203
ADCY5	111
TBL1XR1	79718
MAP2K2	5605
BCAS3	54828
RALGAPA1	253959
B4GAT1	11041
FDXR	2232
ADAT3	113179
GRIN2B	2904
LGI4	163175
WLS	79971
TWNK	56652
MEF2C	4208
CACNA1C	775
GPC4	2239
GPC3	2719
LMNA	4000
VAMP1	6843
FCSK	197258
MICOS13	125988
NIPBL	25836
MACF1	23499
MRPL39	54148
GLS	2744
PYGL	5836
GBA1	2629
PRUNE1	58497
CUX1	1523
FAR1	84188
PURA	5813
RAP1B	5908
CASP2	835
TRPS1	7227
DDR2	4921
HMGCL	3155
ALDH5A1	7915
HERC1	8925
MVK	4598
SLC39A14	23516
ARFGEF2	10564
CASK	8573
DPAGT1	1798
NUP133	55746
TMEM216	51259
GFER	2671
FBN1	2200
MRPS22	56945
IVD	3712
PPP2CA	5515
NFASC	23114
TSEN15	116461
PSAP	5660
POLR1A	25885
ZDHHC9	51114
UPF3B	65109
MED12	9968
KCNJ11	3767
STAT3	6774
GCK	2645
PDX1	3651
ABCC8	6833
INS	3630
ZFP57	346171
HYMAI	57061
PLAGL1	5325
SELENON	57190
COLGALT1	79709
RERE	473
TUBB2B	347733
TUBA1A	7846
TUBB3	10381
RAB3GAP1	22930
ANAPC7	51434
SMARCC2	6601
NSD2	7468
RNU12	267010
VWA1	64856
HCFC1	3054
EN1	2019
HNRNPC	3183
GET4	51608
PTS	5805
PCGF2	7703
COL1A1	1277
TKT	7086
SDHB	6390
GTPBP3	84705
SATB1	6304
NAE1	8883
HEPACAM	220296
HSD17B10	3028
KCNK4	50801
PUS3	83480
POLR3GL	84265
VAC14	55697
RAPSN	5913
ZBTB11	27107
HADHB	3032
HADHA	3030
ACACA	31
FKTN	2218
TRPM3	80036
CSNK2A1	1457
TRIO	7204
TRIP4	9325
TUBB	203068
GUF1	60558
TNRC6B	23112
GABRG2	2566
TTC5	91875
PRODH	5625
AGR2	10551
B3GALT6	126792
PEX26	55670
PEX19	5824
PEX2	5828
PEX3	8504
PEX16	9409
PEX6	5190
PEX11B	8799
PEX5	5830
PEX1	5189
PEX12	5193
PEX13	5194
PEX14	5195
PEX10	5192
PHYH	5264
PEX7	5191
NBAS	51594
SYNGAP1	8831
NANS	54187
EIF2S3	1968
CACNA1S	779
TMEM163	81615
ATP9A	10079
CCDC78	124093
GOLGA2	2801
PNP	4860
NMNAT1	64802
MFF	56947
PHKA2	5256
POC1A	25886
HECTD4	283450
BMPER	168667
SIL1	64374
FOXF1	2294
CUL4B	8450
SLC6A8	6535
NBEA	26960
SC5D	6309
KIFBP	26128
PRPS1	5631
BMP4	652
MTO1	25821
CACNA2D1	781
FZR1	51343
SLC52A2	79581
NSD1	64324
APC2	10297
UBE3B	89910
ATXN2	6311
SDHD	6392
LMBRD1	55788
ZNF592	9640
WDR73	84942
ALDH3A2	224
FLII	2314
IQSEC2	23096
RAI1	10743
DEAF1	10522
DHCR7	1717
NEU1	4758
CKAP2L	150468
RET	5979
ASCL1	429
PHOX2B	8929
SETD2	29072
KIF26A	26153
COG1	9382
TNNC2	7125
CNTN1	1272
DARS2	55157
TBCK	93627
PAX6	5080
ITPR1	3708
TMEM165	55858
KCNMA1	3778
GOSR2	9570
MCCC2	64087
ATRX	546
CRLS1	54675
SCUBE3	222663
BUB3	9184
BUB1	699
CEP57	9702
TRIP13	9319
BUB1B	701
ZNF292	23036
UBR7	55148
CYP24A1	1591
ATP6V0A2	23545
PNKP	11284
NTRK2	4915
MCCC1	56922
VIPAS39	63894
SIN3A	25942
ALG8	79053
SERAC1	84947
SLC52A3	113278
HS2ST1	9653
KCNJ13	3769
RD3	343035
RDH12	145226
CRX	1406
RPGRIP1	57096
CEP290	80184
TUBB4B	10383
IFT140	9742
USP45	85015
RPE65	6121
CRB1	23418
PCYT1A	5130
IQCB1	9657
GDF6	392255
AIPL1	23746
GUCY2D	3000
LRAT	9227
SPATA7	55812
TULP1	7287
LCA5	167691
IMPDH1	3614
NR2F1	7025
MPC1	51660
LMBR1	64327
PIGO	84720
POLR3A	11128
ITGA3	3675
SLF2	55719
SLC35C1	55343
ZNF668	79759
PGM2L1	283209
DLAT	1737
ATP2B3	492
HPRT1	3251
NFIX	4784
JAG1	182
RTL1	388015
DLK1	8788
MEG3	55384
ACADM	34
LIFR	3977
CPT1A	1374
SMS	6611
SLC1A4	6509
ISCU	23479
ASXL1	171023
WNK1	65125
RETREG1	54463
SCN9A	6335
KIF1A	547
DHX30	22907
VARS1	7407
TELO2	9894
EPG5	57724
RAB11B	9230
ALG1	56052
ELP1	8518
HADH	3033
GPAA1	8733
SLC34A1	6569
ADK	132
FOXG1	2290
CSPP1	79848
HDAC4	9759
KPTN	11133
SCN8A	6334
TMEM67	91147
HEXB	3074
ACAD8	27034
DPYD	1806
TRMT10C	54931
GRIN1	2902
GNB1	2782
KMT2D	8085
KDM6A	7403
HIVEP2	3097
SNRPN	6638
NDN	4692
MAGEL2	54551
OCA2	4948
FMR1	2332
ZC4H2	55906
FRRS1L	23732
COA6	388753
ERCC2	2068
ERCC1	2067
ERCC6	2074
ERCC5	2073
SPTAN1	6709
MPV17	4358
SOX10	6663
SLC25A46	91137
NRXN1	9378
SPARC	6678
TMEM231	79583
TMEM138	51524
ZNF423	23090
CC2D2A	57545
UBR1	197131
TNFRSF11B	4982
NOTCH3	4854
MMAB	326625
LONP1	9361
MICU1	10367
STXBP1	6812
LINS1	55180
CLTC	1213
DOCK7	85440
DLL1	28514
RPL10	6134
TRAPPC6B	122553
ZSWIM6	57688
TRMT5	57570
SLC5A7	60482
MYO9A	4649
COL13A1	1305
CHAT	1103
SLC25A1	6576
AGRN	375790
SYT2	127833
SLC18A3	6572
SNAP25	6616
DAG1	1605
PHKG2	5261
COLQ	8292
LAMB2	3913
AMER1	139285
ACOX1	51
NPC2	10577
BMP2	650
NDUFS4	4724
MPDZ	8777
POU1F1	5449
SIX3	6496
TOPORS	10210
KIAA0753	9851
TCTN3	26123
PDE6D	5147
CPLANE1	65250
OFD1	8481
FAM149B1	317662
KIF7	374654
ACSL4	2182
ROBO3	64221
DCC	1630
INPP5K	51763
ATP6V1A	523
INPPL1	3636
ATP6V1E1	529
STAC3	246329
COL1A2	1278
YY1	7528
STAMBP	10617
H4C5	8367
H4C9	8294
LYRM4	57128
PTEN	5728
RUSC2	9853
STT3A	3703
KCNT2	343450
NFU1	27247
STT3B	201595
EFNB1	1947
COX15	1355
SMPD4	55627
MLYCD	23417
MED25	81857
RRAS2	22800
HHAT	55733
LSS	4047
AHSG	197
ITGB6	3694
ERCC4	2072
WNK3	65267
CAD	790
VPS33A	65082
ATP6V1B2	526
YME1L1	10730
P4HTM	54681
DIS3L2	129563
DCPS	28960
MITF	4286
HACD1	9200
CYP2R1	120227
LAMA2	3908
SNX14	57231
FKRP	79147
KANSL1	284058
ASH1L	55870
RFT1	91869
CAMK2B	816
CAMK2A	815
COL5A1	1289
COL5A2	1290
PLP1	5354
CPLX1	10815
PIGG	54872
NELFA	7469
CTBP1	1487
LETM1	3954
COL12A1	1303
HID1	283987
DDX6	1656
CTNND2	1501
SEMA5A	9037
C18orf32	497661
ZMIZ1	57178
GNB2	2783
DCHS1	8642
RBM10	8241
LIG4	3981
NSUN2	54888
DBH	1621
SMG9	56006
CLCN3	1182
MFSD2A	84879
SCN4A	6329
BRPF1	7862
FOCAD	54914
IARS2	55699
IGF2	3481
GABBR1	2550
MDH2	4191
UBE3A	7337
MMAA	166785
PRF1	5551
STX11	8676
ZBTB20	26137
ZMYM2	7750
CNOT3	4849
ABCB7	22
SLC37A4	2542
SCAF4	57466
ARID1B	57492
PNPLA2	57104
KIF22	3835
IFT56	79989
ELN	2006
FBLN5	10516
ALDH18A1	5832
KCNQ2	3785
CHD3	1107
KANK1	23189
SLC2A1	6513
AP2M1	1173
SCN1A	6323
NEXMIF	340533
CHD2	1106
SLC6A1	6529
FIG4	9896
SMARCA2	6595
RYR1	6261
CDK13	8621
NADK2	133686
KCNH5	27133
U2AF2	11338
AP1G1	164
AP1S2	8905
GPX4	2879
LAMB1	3912
NDUFS8	4728
NDUFV1	4723
TNPO2	30000
ATP5F1A	498
LRRK1	79705
FERRY3	57102
SATB2	23314
NDUFS1	4719
ZNF407	55628
DMD	1756
NDUFS2	4720
VRK1	7443
CLPB	81570
EDN3	1908
GDNF	2668
BDNF	627
LBX1	10660
MYO1H	283446
OTC	5009
COL11A1	1301
NDUFAF2	91942
CREBBP	1387
NDUFAF1	51103
ATP1A3	478
ALG13	79868
SYNJ1	8867
CELF2	10659
KCNB1	3745
ASPA	443
EP300	2033
NDUFAF6	137682
AP4M1	9179
SLC25A15	10166
DLG3	1741
NDUFA12	55967
TAOK1	57551
NDUFB9	4715
EXOSC5	56915
COG2	22796
NDUFB3	4709
NACC1	112939
FOXRED1	55572
NAA10	8260
NDUFA10	4705
TPM2	7169
MTFMT	123263
PYCR2	29920
ADAMTSL2	9719
ADAMTS2	9509
PMPCA	23203
DOLK	22845
NPC1	4864
PLOD1	5351
AGK	55750
SLC25A12	8604
GRIK2	2898
PUS1	80324
FDX2	112812
TBX4	9496
TIMMDC1	51300
IFT74	80173
PIGA	5277
SETBP1	26040
MTOR	2475
RMRP	6023
SLC25A3	5250
B4GALT1	2683
SIX6	4990
SOX2	6657
ZMYND11	10771
PTCHD1	139411
CCDC47	57003
TRNT1	51095
SRCAP	10847
DHTKD1	55526
OPHN1	4983
SLC26A2	1836
CHST14	113189
RPS6KA3	6197
AGTPBP1	23287
FRA10AC1	118924
CACNA1I	8911
KDELR2	11014
NFIB	4781
NAGA	4668
PIGL	9487
CBL	867
LZTR1	8216
RIT1	6016
RRAS	6237
RAF1	5894
MRAS	22808
KRAS	3845
SPRED2	200734
NRAS	4893
SOS1	6654
SOS2	6655
PTPN11	5781
RASA2	5922
NDP	4693
DHFR	1719
RNASEH2C	84153
PTCH1	5727
DOCK3	1795
PHKB	5257
KARS1	3735
AGO2	27161
EIF3F	8665
PHACTR1	221692
AIFM1	9131
TAMM41	132001
SARS2	54938
HIBCH	26275
PNPLA8	50640
MMUT	4594
MPZ	4359
ZNF462	58499
PPCS	79717
CRTAP	10491
SEC24D	9871
P4HB	5034
ACY1	95
TRAPPC10	7109
UFSP2	55325
SCN2A	6326
SLC12A5	57468
PLCB1	23236
KCNT1	57582
SLC25A22	79751
TBC1D24	57465
STAG1	10274
NFIA	4774
PPFIBP1	8496
VARS2	57176
ALDH7A1	501
HEXA	3073
TMEM70	54968
HLCS	3141
PSMB1	5689
AP4E1	23431
RAB3GAP2	25782
NAPB	63908
MT-ATP8	4509
ATP5F1E	514
ATP5F1D	513
MT-ATP6	4508
ATP5MK	84833
ATPAF2	91647
COX20	116228
AHCY	191
BTD	686
ARID1A	8289
ANO1	55107
POLG	5428
SMARCB1	6598
SMARCA4	6597
ALG12	79087
NALCN	259232
COX5A	9377
ACTA1	58
MYL2	4633
ITGA7	3679
TPM3	7170
MAP3K20	51776
RNF216	54476
PNPLA6	10908
TRIM37	4591
EHMT1	79813
METTL23	124512
TUBB4A	10382
AP1S1	1174
STX1B	112755
GABRD	2563
PRRT2	112476
SCN1B	6324
HCN1	348980
FGF13	2258
ADGRV1	84059
PC	5091
EXOC8	149371
PIK3CA	5290
SLC2A10	81031
ADGRL1	22859
DOHH	83475
SMPD1	6609
HEATR3	55027
DPH5	51611
KMT2C	58508
DDX3X	1654
LAMA1	284217
ACAD9	28976
MLXIPL	51085
TMEM147	10430
HNRNPH1	3187
PIEZO2	63895
MORC2	22880
STRA6	64220
WNT7B	7477
RARB	5915
SLC35A2	7355
CRPPA	729920
VMA12	147007
FRMD5	84978
GALC	2581
DST	667
GJA8	2703
GJA5	2702
COQ9	57017
ARX	170302
CTCF	10664
SKI	6497
PMP22	5376
EGR2	1959
PRX	57716
TOR1A	1861
JARID2	3720
DLD	1738
AMPD1	270
KLF13	51621
TPI1	7167
GMPPA	29926
PLCB4	5332
COQ8A	56997
MAN1B1	11253
PPP3CA	5530
RB1	5925
USP7	7874
PGAP2	27315
COG8	84342
FAT4	79633
OSGEP	55644
DOCK6	57572
FRA16E	2464
TP53RK	112858
KCNC2	3747
GAA	2548
ATP2B1	490
EEF1A2	1917
TCF4	6925
CNTNAP2	26047
IER3IP1	51124
ITCH	83737
SHQ1	55164
SLC3A1	6519
PREPL	9581
LARGE1	9215
SNAI2	6591
KIT	3815
PPM1B	5495
CAMKMT	79823
ALG6	29929
CPT2	1376
AP4B1	10717
AP4S1	11154
TRIP12	9320
RAC1	5879
ASNS	440
PPT1	5538
DDX11	1663
SFXN4	119559
SUFU	51684
KMT2B	9757
CHST3	9469
B3GAT3	26229
SUCLA2	8803
TGFB3	7043
RRM2B	50484
PIBF1	10464
EPB41L1	2036
SLC12A6	9990
FBXL4	26235
CHRND	1144
RFXAP	5994
KDM6B	23135
MUSK	4593
SZT2	23334
VPS11	55823
NRCAM	4897
KDM5A	5927
EPCAM	4072
MLH1	4292
PMS2	5395
TGFBR2	7048
MSH6	2956
PMS1	5378
MSH2	4436
MTRR	4552
CPS1	1373
MAN2B1	4125
CDC42BPB	9578
MRPS34	65993
ASXL3	80816
MARS1	4141
NOP56	10528
LIPT2	387787
DTYMK	1841
ST3GAL3	6487
USP9X	8239
YWHAG	7532
NUDT2	318
EXT2	2132
NAA80	24142
CHD7	55636
SEMA3E	9723
PIGV	55650
ANK3	288
TRIM2	23321
DNM1	1759
GNAI1	2770
DGUOK	1716
CHD1	1105
CYP27B1	1594
PPP2R5D	5528
NEDD4L	23327
SLC52A1	55065
WBP4	11193
RNU4-2	26834
PPP2R1A	5518
TECPR2	9895
CHD5	26038
KCNA2	3737
POGZ	23126
CHD8	57680
TIMM50	92609
CPSF3	51692
PRKCZ	5590
SPEN	23013
MMP23B	8510
LUZP1	7798
PDPN	10630
HSPG2	3339
UBE4B	10277
KCNAB2	8514
PRDM16	63976
CASZ1	54897
B3GALNT2	148789
GMPPB	29925
POMT2	29954
POMGNT1	55624
POMT1	10585
GUSB	2990
MYO5A	4644
PCDHGC4	56098
PPA2	27068
MIPEP	4285
GABRA2	2555
MCOLN1	57192
CANT1	124583
ACAT1	38
MPI	4351
KIF5A	3798
YARS1	8565
BCL11B	64919
GLB1	2720
PHF6	84295
EIF2B1	1967
ATCAY	85300
C2orf69	205327
INTS1	26173
HTRA2	27429
DDB1	1642
TRIM8	81603
MYMK	389827
ARSA	410
CTNNB1	1499
DPYSL5	56896
NUP54	53371
INTS11	54973
STRADA	92335
OGDH	4967
SET	6418
GCSH	2653
MPDU1	9526
PIGU	128869
HECW2	57520
SRRM2	23524
LRP5	4041
DMPK	1760
REV3L	5980
PLXND1	23129
HBA1	3039
HBA2	3040
TK2	7084
MCM3AP	8888
ATP6AP1	537
KCNH1	3756
IARS1	3376
TTI1	9675
COMT	1312
JMJD1C	221037
GP1BB	2812
RREB1	6239
TBX1	6899
HIRA	7290
SEC24C	9632
UFD1	7353
ARVCF	421
ATP7A	538
RNF2	6045
MECR	51102
BSND	7809
UBA1	7317
HNRNPH2	3188
STX5	6811
EIF4A2	1974
MTR	4548
TAF4	6874
TMEM222	84065
PLPBP	11212
THOC2	57187
IPO8	10526
NDUFB11	54539
SPTBN1	6711
NEUROG1	4762
RNH1	6050
EXT1	2131
RAD21	5885
EBP	10682
MADD	8567
ZNF699	374879
NONO	4841
CCDC22	28952
PLAA	9373
RARS2	57038
GNB5	10681
BRAF	673
EDEM3	80267
SSR4	6748
TRAF7	84231
NSUN3	63899
GORAB	92344
PYCR1	5831
CFL2	1073
WASHC5	9897
VPS35L	57020
TOE1	114034
MINPP1	9562
QDPR	5860
CTNNA2	1496
SGCE	8910
TPRKB	51002
NUP107	57122
WDR4	10785
GON7	84520
LAGE3	8270
FBXW7	55294
UBAP2L	9898
REEP1	65055
GM2A	2760
CLCN4	1183
PACS2	23241
TNXB	7148
SPRED1	161742
ANTXR2	118429
COG5	10466
TNNT1	7138
FARS2	10667
ZEB2	9839
WDR26	80232
PGAP1	80055
SOX9	6662
CD96	10225
TPR	7175
KCNJ10	3766
IRF2BPL	64207
FBXO11	80204
CHMP1A	5119
ORAI1	84876
KAT6B	23522
CD59	966
STIM1	6786
OTX2	5015
PGM3	5238
WASHC4	23325
LNPK	80856
MAP3K7	6885
POLG2	11232
MEGF8	1954
UQCC2	84300
SLC46A1	113235
AEBP1	165
HNRNPU	3192
GRIN2A	2903
BCKDHA	593
PAK3	5063
PROP1	5626
LHX4	89884
LHX3	8022
HESX1	8820
SNIP1	79753
IDH2	3418
CACNA1A	773
SLC1A3	6507
DDOST	1650
FARSB	10056
TMCO1	54499
ALG11	440138
DUOX2	50506
IFIH1	64135
EDNRB	1910
ZBTB18	10472
DPM1	8813
SLC6A19	340024
CLTRN	57393
EZH2	2146
YARS2	51067
HPD	3242
PHIP	55023
SOX11	6664
PDP1	54704
COG7	91949
SLC39A8	64116
ADNP	23394
KIF21A	55605
PHOX2A	401
COL25A1	84570
DNMT3A	1788
TCN2	6948
ALG9	79796
OTUD5	55593
KCNC3	3748
PDHA1	5160
COQ7	10229
SRD5A3	79644
ACO2	50
MAPRE2	10982
FKBP14	55033
SLC9A7	84679
NDUFA1	4694
COQ2	27235
BCORL1	63035
DYNC1H1	1778
TSEN2	80746
MRE11	4361
POLA1	5422
KDM1A	23028
NKAP	79576
TRAPPC9	83696
KCNQ5	56479
CIC	23152
HACE1	57531
TRPV4	59341
ACTB	60
BRD4	23476
SMC3	9126
TAF6	6878
HDAC8	55869
VPS13B	157680
LARS1	51520
ALDH6A1	4329
IDUA	3425
SLC17A5	26503
ELAC2	60528
ARMC9	80210
KIF11	3832
PIK3CG	5294
BCS1L	617
C12orf57	113246
RAB18	22931
TBC1D20	128637
GLUL	2752
CHRNB1	1140
RFXANK	8625
PLA2G6	8398
NDUFAF3	25915
NDUFB10	4716
NDUFAF8	284184
TMEM126B	55863
MT-ND1	4535
MT-ND3	4537
NDUFV2	4729
NDUFS6	4726
NDUFS3	4722
NDUFAF5	79133
NDUFA11	126328
NUBPL	80224
NDUFAF4	29078
NDUFS7	374291
NDUFA6	4700
MT-ND2	4536
MAG	4099
HRAS	3265
GRID2	2895
LTBP4	8425
NAA20	51126
TRAPPC11	60684
ABCC9	10060
WDR81	124997
ATP8A2	51761
CA8	767
PAX8	7849
ALPL	249
H3-3A	3020
DDC	1644
CSGALNACT1	55790
LTC4S	4056
DNM2	1785
SEMA4A	64218
ATM	472
POLE	5426
BRCA2	675
BMPR1A	657
RPS20	6224
MUTYH	4595
POLD1	5424
CHEK2	11200
EIF2AK2	5610
EIF2AK1	27102
SOX5	6660
PUM1	9698
COL6A2	1292
RSRC1	51319
ALG2	85365
NKX6-2	84504
NF1	4763
POLRMT	5442
ACAT2	39
KMT2A	4297
TMEM107	84314
CARS1	833
COL6A3	1293
MYL1	4632
NARS2	79731
TCTN1	79600
ARL13B	200894
CEP104	9731
HYLS1	219844
KATNIP	23247
TMEM218	219854
KIAA0586	9786
TCTN2	79867
B9D2	80776
TOGARAM1	23116
CBY1	25776
B9D1	27077
ARL3	403
BCOR	54880
PIGT	51604
SLC34A3	142680
H4C11	8363
PAFAH1B1	5048
YWHAE	7531
SLC4A10	57282
NUP214	8021
GCH1	2643
H4C3	8364
ETHE1	23474
IKBKG	8517
MGAT2	4247
BAP1	8314
FOXP1	27086
PRDM13	59336
TCF20	6942
DGCR8	54487
DGCR6	8214
ESS2	8220
DGCR2	9993
CHP1	11261
ZBTB7A	51341
TCEAL1	9338
FH	2271
PIGN	23556
TFE3	7030
PTRH2	51651
MAPK8IP3	23162
MAN2C1	4123
RNF125	54941
KAT6A	7994
FBXO28	23219
ALG3	10195
AR	367
PPIL1	51645
TRRAP	8295
MT-TL1	4567
CDC40	51362
ECHS1	1892
COQ4	51117
EXOSC1	51013
FILIP1	27145
SLC32A1	140679
CRELD1	78987
SV2A	9900
CASR	846
NKX2-1	7080
FGFR1	2260
SEMA3A	10371
SPRY4	81848
FLRT3	23767
PROKR2	128674
NDNF	79625
FGF8	2253
FEZF1	389549
ANOS1	3730
IL17RD	54756
CCDC141	285025
PROK2	60675
DUSP6	1848
TACR3	6870
WDR11	55717
HS6ST1	9394
FGF17	8822
L2HGDH	79944
GPT2	84706
SIM1	6492
RALA	5898
NCAPG2	54892
ADCY6	112
CNTNAP1	8506
NAA60	79903
TSPOAP1	9256
TH	7054
ACBD6	84320
SNF8	11267
TSFM	10102
EFEMP1	2202
ACTL6B	51412
BICRA	29998
SON	6651
LIPT1	51601
KDM4B	23030
WARS1	7453
CAMSAP1	157922
TRPV6	55503
POMGNT2	84892
COL4A1	1282
RXYLT1	10329
POMK	84197
ST3GAL5	8869
OTUD7A	161725
DHPS	1725
GEMIN5	25929
GABRB1	2560
RHOBTB2	23221
FUT8	2530
PRMT7	54496
SYNE1	23345
CHD4	1108
MED13	9969
AASS	10157
MED13L	23389
SPTBN2	6712
HMGA2	8091
LEMD3	23592
VPS33B	26276
CACNA1B	774
ATN1	1822
MANBA	4126
FGF12	2257
LBR	3930
COL2A1	1280
SLC25A19	60386
RFX7	64864
PTDSS1	9791
ACADVL	37
DPF2	5977
POU4F1	5457
ACADS	35
C2CD3	26005
ARHGAP31	57514
SLC25A20	788
AAAS	8086
ATAD3A	55210
ERF	2077
SH3PXD2B	285590
NAXE	128240
VPS13A	23230
ALDOA	226
ATP5PO	539
CDKN1C	1028
ASXL2	55252
TBCD	6904
SLC18A2	6571
EIF5A	1984
ALAD	210
PGM1	5236
HSD17B4	3295
BCKDK	10295
EARS2	124454
OXR1	55074
PPP1R21	129285
VPS41	27072
NFS1	9054
ESAM	90952
SLC22A5	6584
NDUFA8	4702
VPS4A	27183
LRPPRC	10128
ADSL	158
MT-TS1	4574
MT-TN	4570
SURF1	6834
MBD5	55777
UBE3C	9690
SLC9A6	10479
GNPAT	8443
MED27	9442
COX11	1353
MBTPS2	51360
AFF3	3899
ACADSB	36
MOGS	7841
AGO1	26523
SUCLG1	8802
GLYCTK	132158
MOCS2	4338
BMP1	649
ABCD4	5826
STX1A	6804
CLIP2	7461
DNAJC30	84277
FKBP6	8468
RFC2	5982
GTF2I	2969
LIMK1	3984
GTF2IRD1	9569
VPS37D	155382
METTL27	155368
BUD23	114049
EIF4H	7458
GTF2IRD2	84163
TBL2	26608
NCF1	653361
TMEM270	135886
BAZ1B	9031
EXOSC8	11340
EXOSC9	5393
EXOSC3	51010
PGAP3	93210
OCRL	4952
D2HGDH	728294
ATIC	471
SNAP29	9342
BRWD3	254065
GEMIN4	50628
CRAT	1384
MTRFR	91574
REPS1	85021
FHL1	2273
EMD	2010
HSPD1	3329
ATXN1	6310
TMEM43	79188
SYNE2	23224
GBE1	2632
SCN3A	6328
ZIC1	7545
MMADHC	27249
QARS1	5859
EFL1	79631
TUBB2A	7280
EFEMP2	30008
SLC26A4	5172
MYMX	101929726
MRPS2	51116
PMPCB	9512
DUOXA2	405753
SLC5A5	6528
TG	7038
TPO	7173
IYD	389434
NKX2-5	1482
FOXE1	2304
XYLT1	64131
SLC7A7	9056
TMEM106B	54664
VDR	7421
AGA	175
TPK1	27010
LIAS	11019
WDR45B	56270
UNC80	285175
SRPK3	26576
KCNE5	23630
AMMECR1	9949
PDHB	5162
KCNK9	51305
RNU4ATAC	100151683
QRICH1	54870
GFAP	2670
CCDC88A	55704
PPP1CB	5500
GTPBP2	54676
OCLN	100506658
DOCK11	139818
SLC33A1	9197
IBA57	200205
MMACHC	25974
PSMD12	5718
SPTBN4	57731
GCDH	2639
UPB1	51733
ABAT	18
CARS2	79587
ZFX	7543
ARHGEF2	9181
ETFDH	2110
ETFA	2108
ETFB	2109
PRDX1	5052
GALE	2582
KIF1C	10749
ATXN3	4287
POLR3B	55703
ANKLE2	23141
ATP6AP2	10159
CACNA1D	776
TAF2	6873
DNMT1	1786
ERLIN2	11160
PQBP1	10084
ACP5	54
ABCD1	215
ELOVL1	64834
RAD50	10111
REEP2	51308
SCYL2	55681
DEGS1	8560
AFG3L2	10939
GJA1	2697
MT-TI	4565
MT-TP	4571
MT-TF	4558
C19orf12	83636
PCYT2	5833
VPS13C	54832
PARK7	11315
UCHL1	7345
LRRK2	120892
DNAJC6	9829
SNCA	6622
PODXL	5420
PINK1	65018
PRKN	5071
HTRA1	5654
BBIP1	92482
IFT27	11020
BBS1	582
SCAPER	49855
WDPCP	51057
SCLT1	132320
BBS9	27241
CEP19	84984
TRIM32	22954
BBS10	79738
TTC8	123016
IFT172	26160
BBS2	583
BBS4	585
MKKS	8195
LZTFL1	54585
BBS7	55212
BBS12	166379
SDCCAG8	10806
CFAP418	157657
ARL6	84100
BBS5	129880
PTRHD1	391356
POLR1C	9533
STN1	79991
COPB2	9276
SNAPC4	6621
BEAN1	146227
CSF1R	1436
SVBP	374969
DRG1	4733
ROGDI	79641
L1CAM	3897
ADD3	120
NDUFA2	4695
EIF2B4	8890
EIF2B2	8892
LMBRD2	92255
GDAP2	54834
GPRC5B	51704
AQP4	361
ARPC5	10092
AUH	549
RBMX	27316
EML1	2009
FRMPD4	9758
RNASET2	8635
NHLRC1	378884
EPM2A	7957
SACS	26278
SNORD118	727676
ANG	283
VCP	7415
PFN1	5216
ARF1	375
JAM3	83700
CYP27A1	1593
ARNT2	9915
BSCL2	26580
COX8A	1351
CTSD	1509
TTR	7276
TIMM8A	1678
ABHD12	26090
FXN	2395
FTL	2512
PANK2	80025
ATXN8	724066
ATXN8OS	6315
TBP	6908
ARL6IP1	23204
CHMP2B	25978
HNRNPA1	3178
TAF15	8148
PON2	5445
VAPB	9217
SQSTM1	8878
PRPH	5630
TBK1	29110
GLT8D1	55830
CFAP410	755
PPARGC1A	10891
OPTN	10133
DCTN1	1639
PON1	5444
PON3	5446
NEFH	4744
MATR3	9782
TARDBP	23435
UBQLN2	29978
DAO	1610
ERBB4	2066
ANXA11	311
UNC13A	23025
CCNF	899
CHCHD10	400916
ZFYVE26	23503
FBXO7	25793
OPA3	80207
SCYL1	57410
XPA	7507
XPC	7508
DDB2	1643
SPAST	6683
GBA2	57704
AMACR	23600
AARS2	57505
STUB1	10273
GRIA2	2891
TFG	10342
EPRS1	2058
MCEE	84693
SPG7	6687
ENTPD1	953
PRDM8	56978
ISCA1	81689
CCT5	22948
TYROBP	7305
RPIA	22934
MLC1	23209
ERLIN1	10613
ELOVL4	6785
SLITRK2	84631
SLC5A6	8884
CTC1	80169
HLA-DQB1	3119
HLA-DRB1	3123
RNF220	55182
ATP5MC3	518
PAX3	5077
ABHD16A	7920
KLC2	64837
SETX	23064
HPDL	84842
INTS8	55656
NDUFA4	4697
CIT	11113
KCNJ6	3763
PSPH	5723
SLC30A10	55532
H1-4	3008
CHKA	1119
MT-ND4	4538
MT-TW	4578
MT-TV	4577
MT-ND5	4540
MT-ND6	4541
MT-TK	4566
GLRX5	51218
SLC6A3	6531
SLC6A9	6536
NOTCH2NLC	100996717
PNPO	55163
CRYAB	1410
AMPD2	271
SPG21	51324
WDR62	284403
ADGRG1	9289
GRIA3	2892
PRORP	9692
WARS2	10352
HTT	3064
TTPA	7274
TSEN54	283989
SEC31A	22872
PI4KA	5297
AUTS2	26053
PTPN23	25930
ATP13A2	23400
SLC6A5	9152
GLRB	2743
CNP	1267
CYB5R3	1727
TP53	7157
OTUD6B	51633
ZNF526	116115
SLC19A3	80704
SLC12A2	6558
FUS	2521
SPG11	80208
SIGMAR1	10280
SPTLC1	10558
ALS2	57679
SMAD4	4089
KIF5C	3800
PHGDH	26227
MED17	9440
PCBD1	5092
NARS1	4677
VPS53	55275
PSEN1	5663
PSEN2	5664
TOMM40	10452
APP	351
TREM2	54209
ABCA7	10347
SORL1	6653
GTF2H5	404672
RNF113A	7737
MPLKIP	136647
TARS1	6897
AARS1	16
ERCC3	2071
GTF2E2	2961
RTEL1	51750
ACD	65057
PARN	5073
TERT	7015
TINF2	26277
DKC1	1736
SUZ12	23512
OSTM1	28962
IREB2	3658
GPHN	10243
ITM2B	9445
RNASEH2A	10535
SAMHD1	25939
RNASEH2B	79621
ADAR	103
TREX1	11277
RNU7-1	100147744
LSM11	134353
LMNB1	4001
SLC25A4	291
LINGO1	84894
DYRK1A	1859
GFM1	85476
KCNQ3	3786
PITX3	5309
DNAJC12	56521
SOD1	6647
CLP1	10978
FBXW11	23291
PSAT1	29968
KCNA1	3736
PAH	5053
CDK19	23097
FTO	79068
MTHFS	10588
ZNF335	63925
ARHGEF9	23229
EYA1	2138
PAX1	5075
TANGO2	128989
SUOX	6821
NPHP3	27031
RANBP2	5903
GLRA1	2741
ATAD1	84896
RNF13	11342
EIF2AK3	9451
RAB27A	5873
HIKESHI	51501
JAM2	58494
MFN2	9927
RTTN	25914
SPOP	8405
CYB5A	1528
LYST	1130
NAGS	162417
DHCR24	1718
GAD1	2571
MBOAT7	79143
GRIA4	2893
OPA1	4976
MDH1	4190
RBPJ	3516
NOTCH1	4851
EOGT	285203
DLL4	54567
FRMD4A	55691
NUP62	23636
KCNA4	3739
TUBGCP6	85378
TUBGCP4	27229
PLK4	10733
CLCF1	23529
CRLF1	9244
TMX2	51075
BRAT1	221927
KYNU	8942
TRAPPC4	51399
MRAP	56246
FBLN1	2192
GSS	2937
APOE	348
MRM2	29960
DYM	54808
SHOC2	8036
ADARB1	104
CNOT1	23019
IFT81	28981
SLC45A1	50651
UFM1	51569
CDK8	1024
SOX4	6659
RPS23	6228
CACNA2D2	9254
COA8	84334
MED12L	116931
PIGK	10026
PACS1	55690
KMT2E	55904
SLC35A1	10559
GALNT2	2590
MSTO1	55154
MYH2	4620
TAF1	6872
EED	8726
MN1	4330
ACTN2	88
BOLA3	388962
AP3B2	8120
SLC38A3	10991
GABRB2	2561
GABRA5	2558
GRIN2D	2906
NUS1	116150
WWOX	51741
NECAP1	25977
DALRD3	55152
CYFIP2	26999
PARS2	25973
TRAK1	22906
UBA5	79876
SLC1A2	6506
SLC13A5	284111
CNKSR2	22866
DHDDS	79947
KCNN3	3782
TBCE	6905
SLC25A42	284439
EBF3	253738
CLCN7	1186
NAT8L	339983
METTL5	29081
SGPL1	8879
TBC1D23	55773
CDK10	8558
GALT	2592
DPM2	8818
ISCA2	122961
PRNP	5621
UGDH	7358
TMEM94	9772
TDP2	51567
PLCH1	23007
IQSEC1	9922
GABRB3	2562
TMEM63A	9725
TGFB1	7040
PRKD1	5587
MYH7	4625
TTN	7273
PIGB	9488
GNAO1	2775
PUS7	54517
LMOD3	56203
ERI1	90459
NSDHL	50814
SNORD116-1	100033413
HERC2	8924
NPAP1	23742
SNORD115-1	338433
MKRN3	7681
PWAR1	145624
IPW	3653
PWRN1	791114
CHKB	1120
IDH1	3417
FLVCR1	28982
RLIM	51132
USP18	11274
FLCN	201163
PUF60	22827
DYNC1I2	1781
FMN2	56776
SPART	23111
MT-TE	4556
MRPS14	63931
NDUFB8	4714
PIGH	5283
AP3D1	8943
SLC13A3	64849
CTU2	348180
PIGS	94005
YIF1B	90522
PAK1	5058
MTX2	10651
ZNHIT3	9326
MAST1	22983
TGIF1	7050
NODAL	4838
SHH	6469
ZIC2	7546
STIL	6491
GAS1	2619
DISP1	84976
GLI2	2736
FOXH1	8928
CRIPTO	6997
CDON	50937
FARSA	2193
RSPRY1	89970
GLE1	2733
RMND1	55005
GNE	10020
GAN	8139
TLK2	11011
FLNA	2316
SERPINH1	871
RORA	6095
SUPT16H	11198
APC	324
MAMLD1	10046
MTM1	4534
FLAD1	80308
COL6A1	1291
GARS1	2617
SCO1	6341
COX10	1352
DNA2	1763
ALG14	199857
PNPT1	87178
COX6B1	1340
CLCN6	1185
PET100	100131801
MYPN	84665
SETD1A	9739
TNFRSF11A	8792
TBR1	10716
COX6A2	1339
COX4I1	1327
EDN1	1906
GNAI3	2773
FGFRL1	53834
LRRC32	2615
ODC1	4953
SPEG	10290
LYRM7	90624
PRKCG	5582
ATXN10	25814
MTMR14	64419
MAPK1	5594
PLG	5340
NEMF	9147
SDHA	6389
SDHAF1	644096
KIF14	9928
KBTBD13	390594
NEB	4703
KLHL41	10324
WAC	51322
VMA22	84317
ARID2	196528
HUWE1	10075
BIN1	274
ADAM22	53616
SHANK3	85358
TANC2	26115
MYF6	4618
BLTP1	84162
CDC42	998
ASCC1	51008
SMN1	6606
MSL3	10943
COG6	57511
EMC1	23065
SLC35A3	23443
SLC25A24	29957
PLEKHG2	64857
WASF1	8936
TASP1	55617
MRPS28	28957
TRIT1	54802
KDM3B	51780
PHF21A	51317
BPTF	2186
VPS51	738
MYO18B	84700
POLR2A	5430
CYP11B2	1585
CNOT2	4848
SLC25A10	1468
PBX1	5087
SLC25A26	115286
MARS2	92935
NOVA2	4858
CSNK2B	1460
MYOD1	4654
DHX16	8449
FASTKD2	22868
SH2B1	25970
CAMTA1	23261
IGHMBP2	3508
MRPS16	51021
NR4A2	4929
GATA6	2627
ERCC6L2	375748
SUMF1	285362
PDHX	8050
CCDC174	51244
PRDM5	11107
ZNF469	84627
TMEM260	54916
ATXN7	6314
SLC16A2	6567
HNF1A	6927
PDSS2	57107
SYT1	6857
GATAD2B	57459
PYROXD1	79912
TUBA8	51807
VMA21	203547
PRKAR1B	5575
ZNF148	7707
RBL2	5934
HNF4A	3172
PDE4D	5144
MYT1L	23040
FXR1	8087
PIK3CD	5293
KNSTRN	90417
CWC27	10283
TUFM	7284
PLCB3	5331
COPB1	1315
DNAJC19	131118
GOT2	2806
TIMM22	29928
WDR19	57728
PCLO	27445
RNF170	81790
KY	339855
VWA3B	200403
COQ5	84274
SLC2A3	6515
ATL1	51062
GIGYF2	26058
MAPT	4137
UQCRC1	7384
MME	4311
LOXL1	4016
COASY	80347
SEMA6B	10501
LDHA	3939
WDR45	11152
PTCD3	55037
VPS35	55737
PDE8B	8622
DNAJC13	23317
EIF4G1	1981
SLC20A2	6575
PDGFRB	5159
PDGFB	5155
RAB39B	116442
DDHD1	80821
PNKD	25953
JPH3	57338
TMEM240	339453
ABCA12	26154
DDHD2	23259
IMPDH2	3615
CP	1356
ATP7B	540
PTPA	5524
CHCHD2	51142
ADH1C	126
MT-TT	4576
SNCAIP	9627
NIPA1	123606
TMEM63C	57156
TACO1	51204
PLAAT3	11145
DSTYK	25778
CYP7B1	9420
RTN2	6253
AP5Z1	9907
SHMT2	6472
ARG1	383
ZFR	51663
UBAP1	51271
CPT1C	126129
KPNA3	3839
CYP2U1	113612
B4GALNT1	2583
VPS50	55610
ASPM	259266
BCKDHB	594
DBT	1629
SELENOI	85465
TAF8	129685
TTC19	54902
CCDC88C	440193
KCND3	3752
DAB1	1600
KCNN2	3781
TDP1	55775
GJB1	2705
ARSI	340075
BRF1	2972
NCAPD3	23310
USP8	9101
NDUFA9	4704
WDR48	57599
ATP6V0A1	535
TUBG1	7283
KIF2A	3796
GSX2	170825
CLIC2	1193
COL4A2	1284
CLN8	2055
EXOC2	55770
CNPY3	10695
DCX	1641
MOCS1	4337
CDKL5	6792
NTNG1	22854
GABBR2	9568
MECP2	4204
SMC1A	8243
RELN	5649
KATNB1	10300
NDE1	54820
TXN2	25828
DMXL2	23312
ITPA	3704
KLHL40	131377
BICD2	23299
MTPAP	55149
FA2H	79152
VPS37A	137492
FLRT1	23769
MTHFR	4524
GDAP1	54332
PDE2A	5138
HMBS	3145
ASCC3	10973
UGP2	7360
SLC35B2	347734
TARS2	80222
GJC2	57165
TRAPPC12	51112
UFC1	51506
RARS1	5917
LMX1B	4010
NRROS	375387
ARFGEF1	10565
GRM1	2911
COG4	25839
NDUFC2	4718
CACNA1G	8913
VAMP2	6844
PCCA	5095
PCCB	5096
CERT1	10087
PI4K2A	55361
UQCRQ	27089
AIMP1	9255
DHX9	1660
ZNF142	7701
HK1	3098
PDE10A	10846
PIGY	84992
FOXP2	93986
PSMC1	5700
DARS1	1615
NAXD	55739
TNR	7143
PRR12	57479
PIGP	51227
ACSF3	197322
ATG7	10533
NSMCE3	56160
PAM16	51025
SPTSSA	171546
RAP1GDS1	5910
TMTC3	160418
FTH1	2495
SLC31A1	1317
COG3	83548
VPS13D	55187
TBC1D2B	23102
ARV1	64801
CLDN11	5010
CEP85L	387119
ELP2	55250
GFM2	84340
GDI1	2664
NDUFA13	51079
MED11	400569
GRM7	2917
CAMLG	819
CDH2	1000
DENND5A	23258
NEUROD2	4761
HYCC1	84668
SPR	6697
TEFM	79736
TIAM1	7074
KIDINS220	57498
INSR	3643
NHLRC2	374354
MRPL12	6182
TSEN34	79042
SEPSECS	51091
TRMT10A	93587
PPP1R15B	84919
PIK3R2	5296
CACNA1E	777
LGI3	203190
PCDH12	51294
MED23	9439
NSRP1	84081
ACER3	55331
NT5C2	22978
TUBGCP2	10844
AMFR	267
SIAH1	6477
H19	283120
CPE	1363
ERMARD	55780
ASAH1	427
KIF15	56992
PIGW	284098
SARDH	1757
SMARCE1	6605
UGT1A1	54658
PIGQ	9091
SRPX2	27286
GABRA1	2554
PCDH19	57526
UBTF	7343
MAF	4094
NTNG2	84628
CLTCL1	8218
NEK1	4750
ATP10A	57194
SIK1	150094
FNIP1	96459
CTNS	1497
CAPN1	823
